,first_name,last_name,email,gender,city,street_address,post_code,med1,medical_number,password
0,Daryle,Playle,dplayle0@feedburner.com,Non-binary,Soacha,64150 Moose Pass,250058,Ginger,1336822457,ollie
1,Carlene,McCree,cmccree1@marriott.com,Male,Xinbao,71 Oak Avenue,,Estradiol,4055003250,
2,Vyky,Curnucke,vcurnucke2@4shared.com,Male,Harstad,1 Hazelcrest Place,9414,ALCOHOL,3769246322,
3,Yard,Sheaf,ysheaf3@csmonitor.com,Male,Grodków,231 Debra Terrace,49-200,lidocaine,5177245802,
4,Florida,Jaksic,fjaksic4@house.gov,Female,Cilated,13478 Little Fleur Drive,,paroxetine hydrochloride,6656191703,
5,Barbette,Crosseland,bcrosseland5@shutterfly.com,Female,Bobo-Dioulasso,62 Mosinee Way,,Alcohol,3911744153,
6,Doralia,McKenney,dmckenney6@nyu.edu,Male,Kujung,120 Basil Avenue,,Aluminum Zirconium Tetrachlorohydrex GLY,3187137695,
7,Kent,Panner,kpanner7@spiegel.de,Male,Nuevo Emperador,2422 Oneill Drive,,METFORMIN HYDROCHLORIDE,557440327,
8,Aprilette,Shear,ashear8@icio.us,Female,Otra Banda,9283 Oneill Center,11805,FLUORIDE TREATMENT,6269971381,
9,Blondy,Lorraine,blorraine9@go.com,Female,Kovářov,3948 Old Shore Point,753 62,"Acetaminophen, Chlorpheniramine maleate, Phenylephrine HCl,6913599927,phil
10,Dot,Tumpane,dtumpanea@comsenz.com,Male,Austin,8030 Division Alley,78703,tizanidine hydrochloride,1428343172,
11,Sibyl,De La Cote,sdelacoteb@washingtonpost.com,Female,Dalang,6 Transport Park,,Promethazine hydrochloride,5673098529,
12,Barn,Giacomasso,bgiacomassoc@exblog.jp,Male,Quxi,5198 Farmco Junction,,""Avobenzone, Octocrylene, and Oxybenzone",5744503722,
13,Zora,Leathwood,zleathwoodd@fastcompany.com,Female,Radzanów,214 Grayhawk Crossing,26-807,Phoenix dactylifera,189266090,
14,Noel,Aizikovich,naizikoviche@aol.com,Male,Ortega,46713 Hanover Street,735517,Aluminum Zirconium Trichlorohydrex Gly,7007059864,
15,Brit,Gutowska,bgutowskaf@boston.com,Male,Zhongxinqiao,1 Susan Point,,Chloroxylenol,6269185742,
16,Hakim,Fibben,hfibbeng@hostgator.com,Agender,Yuli,0 Dryden Alley,,Chloroxylenol,1260282856,
17,Bili,Stile,bstileh@china.com.cn,Male,Gufeng,0863 Pearson Lane,,Oxygen,1516435257,
18,Luz,Maidlow,lmaidlowi@fc2.com,Bigender,Canto,00074 Del Sol Place,3840-065,nifedipine,8429294449,
19,Baryram,Woan,bwoanj@360.cn,Female,Pag,9050 Kennedy Terrace,23250,Fenofibric Acid,6167702500,
20,Kelli,Adelsberg,kadelsbergk@taobao.com,Female,Górki Wielkie,33839 Coolidge Street,43-436,Bayberry,9886881240,
21,Karyn,Bardell,kbardelll@infoseek.co.jp,Male,Banjarbaru,4162 Schlimgen Place,,"Dextrose Monohydrate, Sodium Chloride, Calcium Chloride, Magnesium Chloride, Sodium Lactate",6075850376,yusuf
22,Asad,Khan,pleasehelp@idontknowman.com,Female,Chişinău,6 Schlimgen Junction,MD-2081,Heroin,1451970579,meth
23,Kenna,Piggens,kpiggensn@exblog.jp,Female,Muranovo,8 Clyde Gallagher Plaza,385741,topiramate,5443588451,
24,Reg,Farahar,rfaraharo@weibo.com,Male,Xiaoxiang,9251 Bobwhite Street,,Horse Epithelium,5030756388,
25,Aila,Leipelt,aleipeltp@discovery.com,Genderfluid,Harper,28 Porter Hill,,"acetaminophen, aspirin, and caffeine",9396145769,
26,Leicester,Ortiger,lortigerq@nba.com,Female,Gul’cha,0 Almo Center,,topiramate,1731281005,
27,Constantia,Billany,cbillanyr@a8.net,Female,Mengxi,278 Acker Road,,Rabbitbush,5956316691,
28,Davidson,Brussels,dbrusselss@clickbank.net,Bigender,San Vicente,14 Hansons Court,6419,Povidone-iodine,8712723916,
29,Adham,Abrehart,aabrehartt@123-reg.co.uk,Female,Jankowice,85 Carpenter Point,43-215,"Croton Tiglium, Natrum Muriaticum, Plantago Major, Rhus Toxicodendron, Sarsaparilla",5057442384,
30,Judon,Panniers,jpanniersu@github.com,Female,Shuiyuan,00484 Browning Alley,,Naproxen Sodium,7047096965,
31,Jere,Oldred,joldredv@ning.com,Male,Kýthnos,044 Schmedeman Hill,,Lisinopril,7441469074,
32,Clerkclaude,Gidman,cgidmanw@jiathis.com,Male,Fenghui,541 Londonderry Place,,"OCTINOXATE, TITANIUM DIOXIDE",8943727658,
33,Alix,Eard,aeardx@gnu.org,Female,Dungkek Laok,5 Kropf Place,,Niacinamide 2%,7769552540,
34,Davin,Fine,dfiney@deliciousdays.com,Male,El Rancho,0338 Parkside Drive,,"Tetrahydrozoline Hydrochloride, Polyethylene Glycol 400, Povidone, and Dextran 70",3050255013,
35,Jeff,Whoston,jwhostonz@liveinternet.ru,Male,Zagnitkiv,267 Onsgard Plaza,,Desvenlafaxine,2834327343,
36,Marrilee,Pietersma,mpietersma10@auda.org.au,Female,Getung,1207 Jenna Crossing,,Medulla Ossium 8 Special Order,7543440601,
37,Lanie,Tiplady,ltiplady11@java.com,Male,Puyang,91 Mayfield Drive,,"TITANIUM DIOXIDE, OCTINOXATE",1390985016,
38,Joelynn,Darlison,jdarlison12@ow.ly,Male,Xiaohenglong,9828 Briar Crest Circle,,Betamethasone dipropionate,1737931958,
39,Laryssa,Eborall,leborall13@craigslist.org,Male,Anyar,40705 Sauthoff Avenue,,Ethyl Alcohol,6532023930,
40,Doralynn,Plampin,dplampin14@sakura.ne.jp,Male,Bartniczka,0315 Vidon Parkway,87-321,concetrated ibuprofen,8328249162,
41,Kingston,Rhyme,krhyme15@list-manage.com,Female,Motong,24 Mockingbird Plaza,,salicylic Acid,248084283,
42,Northrop,Falconer,nfalconer16@senate.gov,Male,Almafuerte,232 Trailsway Terrace,3317,ropinirole,2702233007,
43,Casandra,Schowenburg,cschowenburg17@amazon.co.uk,Female,Xiaruyue,4273 Maryland Road,,Ensulizole Homosalate Octinoxate Octocrylene Zinc oxide,7624121476,
44,Harald,Oxton,hoxton18@cnn.com,Female,Santiago de Cuba,3147 Golf Course Pass,,"Calcarea phosphorica, Chamomilla, Coffea cruda,Passiflora incarnata",1190912546,
45,Kristo,Keepence,kkeepence19@chron.com,Male,Bukavu,6846 Jenna Junction,,Acetaminophen,6799322275,
46,Gabby,Metham,gmetham1a@foxnews.com,Female,Liminka,352 Magdeline Center,91901,Triclosan,5585611143,
47,Bobette,Unwin,bunwin1b@microsoft.com,Female,Bogorodsk,4336 Eggendart Street,607605,"menthol, methyl salicylate",6854734487,
48,Hatti,Dursley,hdursley1c@free.fr,Male,Patarrá,0195 Oxford Place,10307,"Neomycin Sulfate, Polymyxin B Sulfate, Hydrocortisone",3082895441,
49,Engracia,Lestor,elestor1d@moonfruit.com,Female,Nueve de Julio,3 Del Sol Street,3606,"Avobenzone, Homosalate, Octisalate, and Octocrylene",6670947208,
50,Duffy,Baccus,dbaccus1e@berkeley.edu,Female,Lubukgadang,4 Reinke Street,,Treatment Set TS340826,5606241838,
51,Inna,Merkel,imerkel1f@ihg.com,Male,Casal,6 Mesta Circle,3700-732,Gabapentin,4092306377,
52,Layney,Frantzeni,lfrantzeni1g@japanpost.jp,Female,Simbal,6 Ronald Regan Trail,,Carbon Dioxide,601348567,
53,Merwyn,Powdrill,mpowdrill1h@dell.com,Female,Visaginas,11 Chinook Drive,31007,"Acetaminophen, Dextromethorphan HBr, and Phenylephrine HCL.",5846831796,
54,Cyndi,Kaas,ckaas1i@php.net,Bigender,Doljo,51 Fallview Plaza,6340,Metformin Hydrochloride,6502370330,
55,Ruthi,Kingswood,rkingswood1j@jigsy.com,Male,Araucária,961 Dwight Park,83700-000,Titanium Dioxide and Octinoxate,7984964335,
56,Alla,Fronzek,afronzek1k@bluehost.com,Female,Vargem Grande Paulista,90130 Vahlen Court,06730-000,Dextroamphetamine Saccharate and Amphetamine Aspartate and Dextroamphetamine Sulfate and Amphetamine Sulfate,3485092193,
57,Crissy,Kadar,ckadar1l@youtu.be,Female,Radashkovichy,5 Maple Wood Circle,,nevirapine,895009137,
58,Hedy,Ghelardoni,hghelardoni1m@com.com,Female,Vale de Figueira,160 Pawling Circle,5120-463,"Pancreas, Stomach, Arsenicum album, Graphites, Lycopodium clavatum, Nux vomica, Phosphorus, Syzygium jambolanum,",7675215567,
59,Gennie,Baress,gbaress1n@prlog.org,Female,Satita,9 West Hill,,Box Elder,2433958733,
60,Dud,Franklin,dfranklin1o@yahoo.com,Female,Khujirt,69173 Carberry Street,,Clomipramine Hydrochloride,6656680909,
61,Ashlie,Dumbellow,adumbellow1p@jimdo.com,Female,‘Anātā,47 International Street,,potassium chloride,6511352218,
62,Eldin,Pinsent,epinsent1q@gov.uk,Female,Limoges,6553 Heffernan Circle,87090 CEDEX 9,Diltiazem Hydrochloride,3206549027,
63,Taite,Kopp,tkopp1r@ehow.com,Female,Now Zād,4047 Colorado Junction,,Diclofenac Potassium,2333914653,
64,Dex,Bunning,dbunning1s@skype.com,Male,Etinan,784 Scoville Hill,,Topiramate,8046815004,
65,Wilmette,Yakubowicz,wyakubowicz1t@huffingtonpost.com,Female,Nanshan,29917 Mccormick Place,,"DEXTROSE, SOYBEAN OIL, SODIUM ACETATE, POTASSIUM CHLORIDE, SODIUM GLYCEROPHOSPHATE, MAGNESIUM SULFATE HEPTAHYDRATE, CALCIUM CHLORIDE, and LYSINE HYDROCHLORIDE",1180845978,
66,Lise,Badsworth,lbadsworth1u@nps.gov,Female,Jiangduo,27 Macpherson Alley,,Aspirin,5390798503,
67,Kiley,Presswell,kpresswell1v@columbia.edu,Female,Cernay,85020 Onsgard Road,68704 CEDEX,estradiol/norethindrone acetate,27456870,
68,Zelig,Colter,zcolter1w@squidoo.com,Male,Skënderbegas,039 Glacier Hill Lane,,aspirin and caffeine,3976365939,
69,Henrietta,Warton,hwarton1x@vinaora.com,Male,Helsingborg,6551 Hallows Point,254 62,Isopropyl alcohol,554010372,
70,Gnni,McQuilty,gmcquilty1y@earthlink.net,Male,Palauig,011 Schurz Plaza,6615,SALICYLIC ACID,345328841,
71,Vanna,Kemson,vkemson1z@hubpages.com,Female,Basel,08 Stang Alley,4010,"Acetaminophen, Diphenhydramine HCl",4675378617,
72,Wally,Devenport,wdevenport20@artisteer.com,Male,Boé,6688 Lawn Terrace,47555 CEDEX,"Chlophedianol Hydrochloride, Dexbrompheniramine Maleate, Phenylephrine Hydrochloride",8354749150,
73,Cassi,Dufoure,cdufoure21@ocn.ne.jp,Female,San Andres,39 Kings Avenue,5504,bacillus firmus,3227739399,
74,Remington,Feehan,rfeehan22@booking.com,Male,Ziftá,87995 Reinke Parkway,,Husky 514,6050200548,
75,Thia,Rawlence,trawlence23@prweb.com,Female,Lewolang,4 Rutledge Plaza,,Flurbiprofen,5334921885,
76,Sorcha,Lethby,slethby24@chron.com,Female,Safed,8791 Graedel Way,,"Avobenzone, Homosalate, Octisalate, Octocrylene, and Oxybenzone",8832544938,
77,Iosep,Gowrie,igowrie25@nba.com,Male,Amadeo,7958 Elmside Center,4119,Aluminum Chlorohydrate,4029760732,
78,Lorne,Duer,lduer26@yellowbook.com,Male,Sotomayor,58 Brentwood Lane,,"Polygonum Aviculare, Acorus Calamus, Rhus Toxicodendron, Gnaphalium Polycephalum, Rhododendron Chrysanthum, Colocynthis, Colchicum Autumnale, Kali Iodatum, Ichthyolum, Symphytum Officinale",9133175810,
79,Jdavie,Millott,jmillott27@topsy.com,Female,Nevel’sk,7107 Sutherland Street,694752,methscopolamine bromide,4340229121,
80,Kele,Handmore,khandmore28@smugmug.com,Male,Zalesnoye,51 Riverside Way,,Whole Grain Barley,9640707570,
81,Fawn,Cresswell,fcresswell29@odnoklassniki.ru,Male,Montepuez,91372 Sheridan Hill,,BENZALKONIUM CHLORIDE,5694516362,
82,Adella,Stait,astait2a@typepad.com,Male,As Salţ,1271 Golf Court,,Triclosan,7650392392,
83,Lara,Fraczak,lfraczak2b@people.com.cn,Male,Budzów,3052 Spaight Hill,34-211,Caffeine,6414288926,
84,Thurstan,Chevin,tchevin2c@boston.com,Female,Viļāni,87 Texas Court,,"acetaminophen, dextromethorphan hydrobromide and doxylamine succinate",6689783634,
85,Armin,Bridden,abridden2d@dmoz.org,Female,Luojiaping,4 Dwight Parkway,,Povidone-iodine,9982345729,
86,Jard,Pignon,jpignon2e@zdnet.com,Female,Haczów,1 Morrow Lane,36-213,"Arnica montana, Bellis perennis, Phosphorus,",4767202639,
87,Virge,Samworth,vsamworth2f@discuz.net,Male,Berbek,21114 Sauthoff Crossing,,Soybean,6865396286,
88,Fergus,Lourenco,flourenco2g@godaddy.com,Male,Campamento,13 Schurz Street,52027,Fluoxetine,9152133419,
89,Xylia,Crohan,xcrohan2h@wunderground.com,Female,Tigaon,1 Old Gate Crossing,4420,Chlorpromazine Hydrochloride,9776563236,
90,Clari,Ragles,cragles2i@illinois.edu,Female,Jiaokui,543 Dahle Drive,,levothyroxine sodium,8442555889,
91,Ardene,Heinsen,aheinsen2j@wsj.com,Male,Severnyy,060 Tennessee Way,346763,risperidone,404682707,
92,Had,Hunnicot,hhunnicot2k@princeton.edu,Male,Vicente Guerrero,09548 Merrick Road,30505,White Poplar,3777847933,
93,Julia,Fenty,jfenty2l@booking.com,Female,Kijini,58949 Swallow Parkway,,Menthol,6528091145,
94,Bronny,Bough,bbough2m@sciencedaily.com,Female,Sapat,059 Birchwood Hill,,AVOBENZONE HOMOSALATE OCTOCRYLENE OXYBENZONE,6946245741,
95,Aeriell,Ogles,aogles2n@upenn.edu,Male,Warnes,2 Heath Junction,,Albumin (Human),480253854,
96,Chaim,Kuna,ckuna2o@godaddy.com,Male,Kandang Timur,99991 Hansons Place,,Povidone-Iodine,9348279858,
97,Crawford,Chick,cchick2p@aol.com,Polygender,Los Lotes,82622 Mayer Road,,ESZOPICLONE,5085653130,
98,Averyl,Steeples,asteeples2q@arstechnica.com,Male,Waitara,3694 Hansons Junction,4346,acyclovir,7438284034,
99,Frankie,Bartosinski,fbartosinski2r@nationalgeographic.com,Male,Tunjuk Selatan,1176 Calypso Lane,,Oxygen,2796874885,
100,Hyacintha,Ribchester,hribchester2s@bigcartel.com,Female,Abdurahmoni Jomí,43684 Old Gate Center,,Triclosan,687671779,
101,Rosalie,Melesk,rmelesk2t@businessinsider.com,Female,Ouro Branco,3 Lillian Crossing,59347-000,Cyclobenzaprine Hydrochloride,8428222061,
102,Saree,Robion,srobion2u@yolasite.com,Female,Reina Mercedes,88215 Farragut Street,3303,Pentoxifylline,1312913061,
103,Barbie,Batch,bbatch2v@si.edu,Male,Shishan,61013 Dennis Center,,MERCURIUS SOLUBILIS,881188506,
104,Karia,Milner,kmilner2w@yelp.com,Female,Heshengbao,1 Raven Parkway,,Ropinirole Hydrochloride,3625545225,
105,Chev,Dawson,cdawson2x@redcross.org,Male,Gongji,935 Reinke Drive,,"Orchard Grass, Standardized",2411870655,
106,Stephanus,MacSwayde,smacswayde2y@mit.edu,Male,Kaa-Khem,478 Hallows Avenue,667901,Sodium chloride,4145367421,
107,Maryl,Grzegorecki,mgrzegorecki2z@goo.ne.jp,Male,Mandala,55884 Shasta Point,,Ibuprofen,3850917207,
108,Aksel,Nehl,anehl30@nyu.edu,Male,Tourcoing,5708 Dunning Lane,59339 CEDEX,"Acetaminophen, Dextromethorphan HBr, Doxylamine Succinate",5334549803,
109,Sammie,Liebmann,sliebmann31@example.com,Female,Utajärvi,1422 Independence Park,91601,Titanium Dioxide,6772804066,
110,Luca,Casley,lcasley32@princeton.edu,Male,Fort Portal,81 Sutteridge Crossing,,"OCTOCRYLENE, OXYBENZONE",4699938256,
111,Ardelle,Keech,akeech33@spiegel.de,Female,Solna,3 Duke Center,170 77,Influenza Vaccine,1917309007,
112,Thorn,Huffey,thuffey34@clickbank.net,Non-binary,Trosa,7 Sullivan Circle,619 35,Cetirizine Hydrochloride,4190032328,
113,Adelind,Wolfenden,awolfenden35@youtube.com,Male,Shiyan,94937 Spenser Terrace,,prednisone,1207056243,
114,Klement,Alcott,kalcott36@hugedomains.com,Male,Hutou,37922 Tomscot Trail,,Octreotide Acetate,4081403201,
115,Ebenezer,Menguy,emenguy37@nydailynews.com,Male,Huomachong,158 North Circle,,Ibuprofen,5871798691,
116,Mamie,Rouge,mrouge38@i2i.jp,Female,Maymana,245 Bartillon Crossing,,bromocriptine mesylate,3900264600,
117,Shell,Roffe,sroffe39@github.com,Female,Täby,572 Westport Drive,183 30,Sodium Fluoride,2008174190,
118,Phillipp,Alliberton,palliberton3a@indiatimes.com,Male,Sabaneta,0 Killdeer Drive,55457,"Oxybenzone, Octinoxate, Octisalate, Homosalate, and Avobenzone",5558296860,
119,Jonathan,Elsop,jelsop3b@domainmarket.com,Female,Puutuga,1 Dayton Trail,,acetaminophen and codeine phosphate,8086026698,
120,Rriocard,Hayley,rhayley3c@accuweather.com,Male,Ballymun,54241 Brown Hill,D11,"Antipyrine, Benzocaine",8781681151,
121,Elsinore,Crinidge,ecrinidge3d@example.com,Male,Zarichchya,34025 Loeprich Way,,doxycycline hyclate,8072445944,
122,Bordie,Shellcross,bshellcross3e@woothemes.com,Male,Khlong Hat,715 Barnett Pass,27260,Cetirizine Hydrochloride,1822099277,
123,Jasun,Vasnev,jvasnev3f@flickr.com,Non-binary,Shahr-e Bābak,18 Roxbury Point,,Cefaclor,5471480600,
124,Curcio,Domoney,cdomoney3g@admin.ch,Male,Agrela,76 Milwaukee Road,4730-220,Acremonium strictum,3510863836,
125,Alano,Niesel,aniesel3h@comcast.net,Male,Budy,80660 East Drive,,"Dextromethorphan Hydrobromide, Guaifenesin, Phenylephrine Hydrochloride",6073812205,
126,Brock,Enderson,benderson3i@storify.com,Female,Kirs,96 2nd Pass,155310,Pheniramine Maleate and Naphazoline Hydrochloride,4512250905,
127,Aubrette,Huscroft,ahuscroft3j@yellowbook.com,Male,Saukkola,14 Menomonie Place,9430,ATORVASTATIN CALCIUM,3135909492,
128,Fifine,Horrigan,fhorrigan3k@indiegogo.com,Male,Velká nad Veličkou,78975 Talmadge Avenue,696 74,Ethyl Alcohol,1483608506,
129,Shalom,Hoggan,shoggan3l@yale.edu,Male,Klakeh,66517 High Crossing Plaza,,Iohexol,1484648269,
130,Kaylil,Dalloway,kdalloway3m@slideshare.net,Female,Loja,1796 Ridge Oak Parkway,,Minocycline hydrochloride,1925664767,
131,Sheryl,Edis,sedis3n@home.pl,Male,Jun’an,2 Hazelcrest Road,,buprenorphine hydrochloride and naloxone hydrochloride,2168988676,
132,Sileas,Pettwood,spettwood3o@mit.edu,Female,Chengdong,8428 Anthes Court,,Sumatriptan Succinate,744420776,
133,Preston,Langston,plangston3p@moonfruit.com,Non-binary,La Viña,656 Cherokee Junction,4424,Aspirin,8159082533,
134,Marge,Challinor,mchallinor3q@usa.gov,Female,Steinkjer,6 Anderson Point,7729,"octinoxate, octisalate, oxybenzone, titanium dioxide",2261064918,
135,Gladys,Stichel,gstichel3r@reference.com,Male,Ronggui,074 Walton Place,,PSEUDOGNAPHALIUM OBTUSIFOLIUM and CAUSTICUM and COLCHICUM AUTUMNALE BULB and CITRULLUS COLOCYNTHIS FRUIT PULP and IRON and LITHIUM BENZOATE and TOXICODENDRON PUBESCENS LEAF and FILIPENDULA ULMARIA ROO,955844223,
136,Amabelle,Bowerman,abowerman3s@ft.com,Male,Almafuerte,2778 Kenwood Place,3317,Ipratropium Bromide,8215629741,
137,Doroteya,Bracknell,dbracknell3t@hexun.com,Female,Bestöbe,5 Twin Pines Plaza,,Lisinopril,3010621469,
138,Robinia,Tidman,rtidman3u@mapquest.com,Non-binary,Wanjiazhuang,989 Green Ridge Alley,,Famciclovir,4141509086,
139,Mae,Mocher,mmocher3v@wsj.com,Male,Kanekomachi,6372 Prairie Rose Terrace,371-0858,levonorgestrel and ethinyl estradiol,1052041329,
140,Lanette,Load,lload3w@wikimedia.org,Polygender,Bidikotak,87559 Glacier Hill Junction,,Bismuth subsalicylate,5852921882,
141,Olenolin,Gobbet,ogobbet3x@senate.gov,Female,Oliveira de Baixo,9 Spohn Trail,3515-541,Phenobarbital,4863705336,
142,Bonni,Hustings,bhustings3y@yandex.ru,Female,Kutno,3 Northridge Crossing,93-524,Treatment Set TS331150,9521854669,
143,Elwin,Skate,eskate3z@cnet.com,Female,Bintang,5 Garrison Place,,"Aloe socotrina, Chamomilla, Cinchona officinalis, Colocynthis, Croton tiglium, Cuprum arsenicosum, Gelsemium sempervirens, Ipecacuanha, Nux vomica, Phosphoricum acidum, Podophyllum peltatum, veratrum album",5755579474,
144,Kassandra,Broggetti,kbroggetti40@hao123.com,Female,Lomme,025 Veith Point,59468 CEDEX,Torsemide,3680309619,
145,Stanley,Herreran,sherreran41@discovery.com,Polygender,Göteborg,9360 Hagan Crossing,416 80,bacitracin zinc,7918417143,
146,Andra,Marini,amarini42@earthlink.net,Male,Lushnjë,79 Carberry Pass,,Benzocaine and Zinc Chloride,7292408869,
147,Roarke,McAllen,rmcallen43@bing.com,Male,Bethlehem,2118 Hermina Parkway,,Oxymorphone Hydrochloride,4909282424,
148,Zarla,Kruschev,zkruschev44@va.gov,Female,Austin,5839 Almo Way,78715,megestrol acetate,9576272564,
149,Saxon,Fiddyment,sfiddyment45@uiuc.edu,Male,Rönninge,3563 Haas Hill,144 40,Naproxen,7555512009,
150,Clarance,Michelin,cmichelin46@narod.ru,Male,Salegading,2172 Buena Vista Place,,Oxaliplatin,5577236827,
151,Retha,Geraghty,rgeraghty47@lulu.com,Male,Bāfq,70 Old Shore Way,,ETHYL ALCOHOL,9773628388,
152,Lauritz,McMorran,lmcmorran48@amazon.co.jp,Male,Lendangara Satu,827 Stang Alley,,"avobenzone, homosalate, octisalate, octocrylene",8891803685,
153,Corrie,Laybourn,claybourn49@usa.gov,Male,Sharïngol,2 Milwaukee Circle,,"Allium cepa, Apis mellifica, Arsenicum album, Euphrasia officinalis, Nux vomica",2432623894,
154,La verne,Allsepp,lallsepp4a@columbia.edu,Male,Malvern,0707 Starling Circle,,BENZALKONIUM CHLORIDE,5606628503,
155,Gordan,Augur,gaugur4b@merriam-webster.com,Male,Dukuhturi,391 Sutherland Avenue,,Metformin Hydrochloride,6890962915,
156,Dix,Morilla,dmorilla4c@printfriendly.com,Male,Feyẕābād,55835 Holy Cross Parkway,,Ampicillin sodium,2101152843,
157,Roderich,Lamyman,rlamyman4d@washington.edu,Non-binary,Keputran,8 Granby Circle,,BENZTROPINE MESYLATE,4675222749,
158,Lorant,Mc Combe,lmccombe4e@is.gd,Male,Fort Dauphin,264 Sullivan Lane,,"OCTINOXATE, OXYBENZONE, TITANIUM DIOXIDE",9842402975,
159,Nickie,Metzel,nmetzel4f@4shared.com,Female,Changjiang,10256 Butterfield Center,,TRAMADOL HYDROCHLORIDE,3893642617,
160,Bryant,McMurty,bmcmurty4g@businessinsider.com,Male,Marmande,99027 Forest Run Avenue,47211 CEDEX,doxepin hydrochloride,2241545783,
161,Iver,McAless,imcaless4h@woothemes.com,Male,Mahdia,4 Lukken Crossing,,losartan potassium,5340733084,
162,Katerina,Costy,kcosty4i@diigo.com,Female,Jiangti,292 Bluejay Park,,"Avobenzone, Octisalate, Octocrylene, and Oxybenzone",9543153841,
163,Alvinia,Bugs,abugs4j@ucoz.com,Male,Yangping,11467 Susan Road,,ERYTHROMYCIN ETHYLSUCCINATE AND SULFISOXAZOLE ACETYL,8826187487,
164,Heywood,Corkett,hcorkett4k@telegraph.co.uk,Male,Huayllabamba,78 Mifflin Lane,,Triclosan,4838046200,
165,Thornie,Doohey,tdoohey4l@adobe.com,Male,Wuli,06119 Artisan Junction,,"OCTINOXATE, TITANIUM DIOXIDE",7457798323,
166,Barry,Rump,brump4m@multiply.com,Male,Gangkou,021 Oriole Place,,Titanium Dioxide and Zinc Oxide,927377462,
167,Trisha,MacTeggart,tmacteggart4n@netlog.com,Male,Valparaíso,43 Magdeline Terrace,,Budesonide,2919073214,
168,Roselin,Hembrow,rhembrow4o@dot.gov,Male,Goroka,3 Grover Circle,,Sodium Fluoride,8052705169,
169,Brannon,Leatherland,bleatherland4p@wisc.edu,Female,Nanga Eboko,571 Forest Terrace,,Diphenhydramine HCl,8834516524,
170,Lay,Linnard,llinnard4q@xing.com,Male,Al Ibrāhīmīyah,1157 North Point,,Periodontium Quartz,9168073186,
171,Vivianna,Jonathon,vjonathon4r@globo.com,Female,Calmar,3994 Iowa Court,S0G,sumatriptan succinate,4492854967,
172,Bert,Lugard,blugard4s@uiuc.edu,Male,Bigaa,84427 Macpherson Road,3016,Levothyroxine Sodium,5411167299,
173,Charita,Edscer,cedscer4t@soup.io,Female,Lonya Chico,7 Gerald Road,,"Acetaminophen, Chlorpheniramine Maleate, Dextromethorphan HBr, Phenylephrine HCl",2531680233,
174,Emmi,Brameld,ebrameld4u@cloudflare.com,Male,Huaqiao,154 Messerschmidt Plaza,,diltiazem hydrochloride,2097228801,
175,Hilary,Getsham,hgetsham4v@nhs.uk,Female,Pylaía,202 Scofield Pass,,Octinoxate and Titanium Dioxide,554011670,
176,Angele,Geggie,ageggie4w@blinklist.com,Genderfluid,San Juan Ermita,13756 Stoughton Alley,20003,lubiprostone,9726695813,
177,Angeli,Bramwell,abramwell4x@nps.gov,Male,Castrovirreyna,437 Merchant Alley,,"Zinc Oxide, Titanium Dioxide",3651094340,
178,Odie,Troyes,otroyes4y@economist.com,Female,Tangshan,3901 Crest Line Pass,,Diphenhydramine HCl,3074326158,
179,Virgie,Godfrey,vgodfrey4z@businesswire.com,Male,Sicheng,2181 Eggendart Drive,,Irbesartan,2932976095,
180,Loretta,Cole,lcole50@webs.com,Male,San Pedro Apartado,1664 Blackbird Hill,7024,Escitalopram,2656830494,
181,Shena,Shallcross,sshallcross51@creativecommons.org,Male,Medvedevo,4 Evergreen Avenue,425239,rosiglitazone maleate,5035058492,
182,Grier,Osgar,gosgar52@1688.com,Female,Shanxi,9 Mosinee Avenue,,Losartan Potassium and Hydrochlorothiazide,794356974,
183,Loretta,Ardling,lardling53@omniture.com,Male,Nova Varoš,70 Ridgeview Street,,CUTTLEFISH,5787044371,
184,Natividad,Mallender,nmallender54@oracle.com,Female,Lyubech,91746 Paget Junction,,Chlordiazepoxide Hydrochloride,9154424895,
185,Nariko,Canadas,ncanadas55@unblog.fr,Female,Tamanan,71 Amoth Avenue,,RHODOTORULA RUBRA,9352224418,
186,Mattias,Kettlewell,mkettlewell56@shareasale.com,Female,Tayug,3 3rd Center,2445,Finasteride,5401847777,
187,Flori,Broady,fbroady57@guardian.co.uk,Male,Kiili,971 Dryden Plaza,,"Avobenzone, Octisalate and Octocrylene",3488641694,
188,Arni,Saket,asaket58@indiatimes.com,Female,Maguan,7 Weeping Birch Park,,Moexipril Hydrochloride and Hydrochlorothiazide,259806099,
189,Budd,Seedull,bseedull59@pbs.org,Female,Svenljunga,97867 Autumn Leaf Center,512 24,SPF4 Lip Balm,6998019076,
190,Berti,Hayball,bhayball5a@trellian.com,Male,Mounlapamôk,8 Springview Avenue,,Ranitidine,3586894457,
191,Cari,Hammell,chammell5b@google.de,Female,Alavieska,36486 Heath Road,85201,GUINEA PIG EPITHELIA,7530134884,
192,Pris,Hurler,phurler5c@ftc.gov,Male,Alingsås,47 Doe Crossing Way,441 63,Oxymetazoline HCl,5617033484,
193,Wendi,Sokill,wsokill5d@accuweather.com,Female,Dalai,4 Nelson Pass,,Magnesium hydroxide,1765841895,
194,Keely,Keave,kkeave5e@google.ru,Female,Al Jīzah,8 Lerdahl Point,,SENNOSIDES,2498215905,
195,Rori,Glascott,rglascott5f@boston.com,Male,Cumanayagua,6750 Dorton Park,,"MENTHOL, CALAMINE, ZINC OXIDE",9760176866,
196,Cookie,Petraitis,cpetraitis5g@time.com,Female,Baixo Guandu,143 Little Fleur Terrace,29730-000,Aspirin,8773715417,
197,Danell,Swyre,dswyre5h@hc360.com,Genderqueer,Sukamaju,57 Glendale Junction,,Sulfur,7322528816,
198,Alvina,Mayoh,amayoh5i@mail.ru,Female,Nueva Vida Sur,1 Lunder Lane,6224,Trace Elements 5,9758280031,
199,Rudy,Pacheco,rpacheco5j@diigo.com,Female,Lashkar Gāh,1 Ronald Regan Court,,chlorine,8825661940,
200,Ninnetta,Pavolillo,npavolillo5k@harvard.edu,Female,Paris 15,293 Tennyson Plaza,75729 CEDEX 15,"TITANIUM DIOXIDE, OCTINOXATE",2773502116,
201,Pauli,Haime,phaime5l@baidu.com,Female,Pilang,369 Novick Alley,,"DEXTROMETHORPHAN HYDROBROMIDE, CHLORPHENIRAMINE MALEATE",6107862501,
202,Natasha,Ortes,nortes5m@unc.edu,Female,Shaxi,81059 Spaight Junction,,Bethanechol Chloride,170853292,
203,Nev,Barwise,nbarwise5n@si.edu,Female,Ramos,49 Bartillon Alley,2311,"LIDOCAINE HYDROCHLORIDE,EPINEPHRINE BITARTRATE",368841715,
204,Basil,Jermin,bjermin5o@illinois.edu,Male,Kinsealy-Drinan,6 Fulton Plaza,D17,sulfacetamide sodium,1160839751,
205,Theda,MacElharge,tmacelharge5p@ycombinator.com,Female,Yinying,753 Stang Alley,,Magnesium Chloride,7152572275,
206,Janene,Swindles,jswindles5q@cocolog-nifty.com,Female,Punata,3 8th Street,,"Acetaminophen, Aspirin, Caffeine",9677696793,
207,Ephrayim,Cobson,ecobson5r@google.co.jp,Female,Claremont,03738 Fisk Alley,7740,Anastrozole,7202765365,
208,Von,Thandi,vthandi5s@home.pl,Male,Oromocto,87451 Sycamore Point,E2V,allopurinol,5248327857,
209,Tedie,Janny,tjanny5t@engadget.com,Female,Cangchang,634 North Point,,Fluoride,1394135890,
210,Joline,Galego,jgalego5u@nps.gov,Male,Thị Trấn Ngan Dừa,0 Grasskamp Center,,ETHYL ALCOHOL,8191252287,
211,Perl,MacIntosh,pmacintosh5v@comcast.net,Male,Covas,62 Mccormick Court,4560-061,Doxycycline Hyclate,8131256758,
212,Gaylene,Petrillo,gpetrillo5w@hhs.gov,Female,Wat Sing,6 Pearson Trail,17120,Renes Betula,6377630972,
213,Janek,De Bischop,jdebischop5x@a8.net,Male,Carrefour,11 Shoshone Circle,,"Aconitum nap, Calc carb, Nat carb",2352920051,
214,Carroll,Kleynermans,ckleynermans5y@sourceforge.net,Female,Maastricht,99 Cherokee Terrace,6224,Epicoccum nigrum,7304449772,
215,Darbee,Doubrava,ddoubrava5z@hugedomains.com,Female,Esso,777 Comanche Way,684350,Clobetasol Propionate,167308874,
216,Trixi,Ledley,tledley60@google.es,Female,Al Jumaylīyah,0840 Ridgeway Terrace,,Clotrimazole,5921245666,
217,Kendrick,Luetkemeyers,kluetkemeyers61@dmoz.org,Female,Zhongzhou,26 Vernon Drive,,Temazepam,9135890428,
218,Sharia,Capin,scapin62@forbes.com,Male,Sacapulas,53981 Algoma Point,14016,Cetirizine Hydrochloride,9577849237,
219,Jaimie,Byford,jbyford63@theguardian.com,Female,Bachowice,544 Fairview Park,34-116,Carbamazepine,706959906,
220,Boote,Mylan,bmylan64@blogspot.com,Female,Zhemtala,8 Warrior Lane,361805,Dextromethorphan Hydrobromide,739981676,
221,Kristal,Lomis,klomis65@dion.ne.jp,Female,Aix-en-Provence,543 Luster Plaza,13540,ADONIS VERNALIS,5336786128,
222,Raina,Dumbare,rdumbare66@dell.com,Male,Kolambugan,21156 Lotheville Pass,2100,Oregano,6414519006,
223,Jean,Narrie,jnarrie67@ning.com,Male,Naxos,60870 Clove Court,,Menthol,8612324769,
224,Koral,Cressy,kcressy68@taobao.com,Female,Mamasa,887 6th Junction,,Glyburide,7568125653,
225,Staford,Durn,sdurn69@utexas.edu,Genderqueer,Frydrychowice,95662 Sutteridge Hill,34-108,Methylphenidate Hydrochloride,4719172032,
226,Cary,Yoskowitz,cyoskowitz6a@tuttocitta.it,Male,Nuevo Arraiján,197 East Junction,,Triclosan,6288515590,
227,Avrit,McColl,amccoll6b@springer.com,Bigender,Pueblo Nuevo,9 Elmside Parkway,233009,Ethyl Alcohol,2274218595,
228,Blythe,Veldman,bveldman6c@storify.com,Female,Berģi,7384 Springview Circle,,OCTINOXATE,1745763740,
229,Linnie,MacNeish,lmacneish6d@de.vu,Female,Sietesz,4081 Bultman Trail,37-206,lamotrigine,2583291785,
230,Papagena,Giovannacc@i,pgiovannacci6e@slate.com,Male,Ożarowice,6132 Forest Dale Place,42-625,"AVOBENZONE, HOMOSALATE, OCTINOXATE, OCTOCRYLENE",9067234656,
231,Clerissa,Ligoe,cligoe6f@berkeley.edu,Polygender,Rasskazovo,498 Hayes Junction,301288,Digoxin,2006627961,
232,Tersina,Langabeer,tlangabeer6g@businessweek.com,Non-binary,Beigang,207 Northridge Street,,Salicylic Acid,5853375156,
233,Sibelle,Foulgham,sfoulgham6h@unicef.org,Male,Nangkaruka,4592 Redwing Place,,"Titanium Dioxide, OCTINOXATE, Zinc Oxide, OCTISALATE",1744674175,
234,Kit,Paike,kpaike6i@tiny.cc,Male,Pak Phayun,364 Oakridge Road,93120,desipramine hydrochloride,9330859615,
235,Kathye,Davis,kdavis6j@mediafire.com,Female,Shevchenkove,5571 Charing Cross Road,,TITANIUM DIOXIDE,9655927695,
236,Bliss,Olennikov,bolennikov6k@about.com,Male,Sumberagung,07 Hollow Ridge Circle,,leuprolide acetate and norethindrone acetate,3928120786,
237,Ulrica,Wogden,uwogden6l@deliciousdays.com,Male,Bayt ‘Anān,4040 Burning Wood Pass,,Oxymetazoline HCl,911644113,
238,Muffin,Witherington,mwitherington6m@netscape.com,Male,Rundeng,42685 Prairieview Court,,Methyl Salicylate Mentol Camphor Capsaicin,3231121620,
239,Gladi,McGreil,gmcgreil6n@yale.edu,Female,Aguadulce,466 Burning Wood Junction,,Lisinopril,2617450600,
240,Alfy,Camock,acamock6o@xrea.com,Male,Illapel,9502 Kingsford Circle,,SELENIUM SULFIDE,6843896952,
241,Angelika,Rysom,arysom6p@yahoo.com,Female,São Paulo de Olivença,2 Tomscot Court,69600-000,OCTINOXATE,2350140636,
242,Ryley,Stallan,rstallan6q@go.com,Agender,Abū Sunbul,18 Elmside Point,,Ethyl Alcohol,5218456950,
243,Rafaellle,MacDiarmond,rmacdiarmond6r@trellian.com,Male,Ciranca,43 Laurel Center,,QUININE SULFATE,9894825532,
244,Harrison,Pryke,hpryke6s@printfriendly.com,Female,Ansermanuevo,46981 Cherokee Lane,762018,ARNICA MONTANA,2909185494,
245,Courtnay,Meigh,cmeigh6t@weebly.com,Male,San Andreas,09792 Clyde Gallagher Drive,5504,Lisinopril and Hydrochlorothiazide,328708429,
246,Taylor,Mathieson,tmathieson6u@sogou.com,Female,Pedro Leopoldo,7 Ludington Center,33600-000,isotretinoin,4663180965,
247,Hank,Pagett,hpagett6v@sakura.ne.jp,Male,Pizhma,7798 Amoth Avenue,606930,Norethindrone Acetate and Ethinyl Estradiol,5925985958,
248,Feodora,Confait,fconfait6w@omniture.com,Male,Debark’,8 Almo Court,,Ensulizole,7836692876,
249,Eugen,Camosso,ecamosso6x@zimbio.com,Male,Whitehorse,36 Heffernan Plaza,Y1A,Calcium Carbonate,1788987209,
250,Julian,King,1,Male,San Andreas,20 Almo Court,,Weed,1547127512,1
